"DESCRIPTION","DURATION IN MS","NAME","PARENT SUITE","START TIME","STATUS","STOP TIME","SUB SUITE","SUITE","TEST CLASS","TEST METHOD"
"","4886","test_faq_answer_appears[question_locator5-answer_locator5-\u0421\u0430\u043c\u043e\u043a\u0430\u0442 \u043f\u0440\u0438\u0435\u0437\u0436\u0430\u0435\u0442 \u043a \u0432\u0430\u043c \u0441 \u043f\u043e\u043b\u043d\u043e\u0439 \u0437\u0430\u0440\u044f\u0434\u043a\u043e\u0439. \u042d\u0442\u043e\u0433\u043e \u0445\u0432\u0430\u0442\u0430\u0435\u0442 \u043d\u0430 \u0432\u043e\u0441\u0435\u043c\u044c \u0441\u0443\u0442\u043e\u043a \u2014 \u0434\u0430\u0436\u0435 \u0435\u0441\u043b\u0438 \u0431\u0443\u0434\u0435\u0442\u0435 \u043a\u0430\u0442\u0430\u0442\u044c\u0441\u044f \u0431\u0435\u0437 \u043f\u0435\u0440\u0435\u0434\u044b\u0448\u0435\u043a \u0438 \u0432\u043e \u0441\u043d\u0435. \u0417\u0430\u0440\u044f\u0434\u043a\u0430 \u043d\u0435 \u043f\u043e\u043d\u0430\u0434\u043e\u0431\u0438\u0442\u0441\u044f.]","tests","2026-09-23","passed","2026-09-23","TestFaq","test_faq","",""
"","5824","test_faq_answer_appears[question_locator1-answer_locator1-\u041f\u043e\u043a\u0430 \u0447\u0442\u043e \u0443 \u043d\u0430\u0441 \u0442\u0430\u043a: \u043e\u0434\u0438\u043d \u0437\u0430\u043a\u0430\u0437 \u2014 \u043e\u0434\u0438\u043d \u0441\u0430\u043c\u043e\u043a\u0430\u0442. \u0415\u0441\u043b\u0438 \u0445\u043e\u0442\u0438\u0442\u0435 \u043f\u043e\u043a\u0430\u0442\u0430\u0442\u044c\u0441\u044f \u0441 \u0434\u0440\u0443\u0437\u044c\u044f\u043c\u0438, \u043c\u043e\u0436\u0435\u0442\u0435 \u043f\u0440\u043e\u0441\u0442\u043e \u0441\u0434\u0435\u043b\u0430\u0442\u044c \u043d\u0435\u0441\u043a\u043e\u043b\u044c\u043a\u043e \u0437\u0430\u043a\u0430\u0437\u043e\u0432 \u2014 \u043e\u0434\u0438\u043d \u0437\u0430 \u0434\u0440\u0443\u0433\u0438\u043c.]","tests","2026-09-23","passed","2026-09-23","TestFaq","test_faq","",""
"","1445","test_faq_answer_appears[question_locator7-answer_locator7-\u0414\u0430, \u043e\u0431\u044f\u0437\u0430\u0442\u0435\u043b\u044c\u043d\u043e. \u0412\u0441\u0435\u043c \u0441\u0430\u043c\u043e\u043a\u0430\u0442\u043e\u0432! \u0418 \u041c\u043e\u0441\u043a\u0432\u0435, \u0438 \u041c\u043e\u0441\u043a\u043e\u0432\u0441\u043a\u043e\u0439 \u043e\u0431\u043b\u0430\u0441\u0442\u0438.]","tests","2026-09-23","passed","2026-09-23","TestFaq","test_faq","",""
"","1356","test_faq_answer_appears[question_locator6-answer_locator6-\u0414\u0430, \u043f\u043e\u043a\u0430 \u0441\u0430\u043c\u043e\u043a\u0430\u0442 \u043d\u0435 \u043f\u0440\u0438\u0432\u0435\u0437\u043b\u0438. \u0428\u0442\u0440\u0430\u0444\u0430 \u043d\u0435 \u0431\u0443\u0434\u0435\u0442, \u043e\u0431\u044a\u044f\u0441\u043d\u0438\u0442\u0435\u043b\u044c\u043d\u043e\u0439 \u0437\u0430\u043f\u0438\u0441\u043a\u0438 \u0442\u043e\u0436\u0435 \u043d\u0435 \u043f\u043e\u043f\u0440\u043e\u0441\u0438\u043c. \u0412\u0441\u0435 \u0436\u0435 \u0441\u0432\u043e\u0438.]","tests","2026-09-23","passed","2026-09-23","TestFaq","test_faq","",""
"","1518","test_faq_answer_appears[question_locator3-answer_locator3-\u0422\u043e\u043b\u044c\u043a\u043e \u043d\u0430\u0447\u0438\u043d\u0430\u044f \u0441 \u0437\u0430\u0432\u0442\u0440\u0430\u0448\u043d\u0435\u0433\u043e \u0434\u043d\u044f. \u041d\u043e \u0441\u043a\u043e\u0440\u043e \u0441\u0442\u0430\u043d\u0435\u043c \u0440\u0430\u0441\u0442\u043e\u0440\u043e\u043f\u043d\u0435\u0435.]","tests","2026-09-23","passed","2026-09-23","TestFaq","test_faq","",""
"","6693","test_order_scenario[bottom-order_data1]","tests","2026-09-23","passed","2026-09-23","TestOrder","test_order","",""
"","3694","test_order_scenario[top-order_data0]","tests","2026-09-23","passed","2026-09-23","TestOrder","test_order","",""
"","1436","test_faq_answer_appears[question_locator4-answer_locator4-\u041f\u043e\u043a\u0430 \u0447\u0442\u043e \u043d\u0435\u0442! \u041d\u043e \u0435\u0441\u043b\u0438 \u0447\u0442\u043e-\u0442\u043e \u0441\u0440\u043e\u0447\u043d\u043e\u0435 \u2014 \u0432\u0441\u0435\u0433\u0434\u0430 \u043c\u043e\u0436\u043d\u043e \u043f\u043e\u0437\u0432\u043e\u043d\u0438\u0442\u044c \u0432 \u043f\u043e\u0434\u0434\u0435\u0440\u0436\u043a\u0443 \u043f\u043e \u043a\u0440\u0430\u0441\u0438\u0432\u043e\u043c\u0443 \u043d\u043e\u043c\u0435\u0440\u0443 1010.]","tests","2026-09-23","passed","2026-09-23","TestFaq","test_faq","",""
"","1556","test_faq_answer_appears[question_locator0-answer_locator0-\u0421\u0443\u0442\u043a\u0438 \u2014 400 \u0440\u0443\u0431\u043b\u0435\u0439. \u041e\u043f\u043b\u0430\u0442\u0430 \u043a\u0443\u0440\u044c\u0435\u0440\u0443 \u2014 \u043d\u0430\u043b\u0438\u0447\u043d\u044b\u043c\u0438 \u0438\u043b\u0438 \u043a\u0430\u0440\u0442\u043e\u0439.]","tests","2026-09-23","passed","2026-09-23","TestFaq","test_faq","",""
"","1319","test_faq_answer_appears[question_locator2-answer_locator2-\u0414\u043e\u043f\u0443\u0441\u0442\u0438\u043c, \u0432\u044b \u043e\u0444\u043e\u0440\u043c\u043b\u044f\u0435\u0442\u0435 \u0437\u0430\u043a\u0430\u0437 \u043d\u0430 8 \u043c\u0430\u044f. \u041c\u044b \u043f\u0440\u0438\u0432\u043e\u0437\u0438\u043c \u0441\u0430\u043c\u043e\u043a\u0430\u0442 8 \u043c\u0430\u044f \u0432 \u0442\u0435\u0447\u0435\u043d\u0438\u0435 \u0434\u043d\u044f. \u041e\u0442\u0441\u0447\u0451\u0442 \u0432\u0440\u0435\u043c\u0435\u043d\u0438 \u0430\u0440\u0435\u043d\u0434\u044b \u043d\u0430\u0447\u0438\u043d\u0430\u0435\u0442\u0441\u044f \u0441 \u043c\u043e\u043c\u0435\u043d\u0442\u0430, \u043a\u043e\u0433\u0434\u0430 \u0432\u044b \u043e\u043f\u043b\u0430\u0442\u0438\u0442\u0435 \u0437\u0430\u043a\u0430\u0437 \u043a\u0443\u0440\u044c\u0435\u0440\u0443. \u0415\u0441\u043b\u0438 \u043c\u044b \u043f\u0440\u0438\u0432\u0435\u0437\u043b\u0438 \u0441\u0430\u043c\u043e\u043a\u0430\u0442 8 \u043c\u0430\u044f \u0432 20:30, \u0441\u0443\u0442\u043e\u0447\u043d\u0430\u044f \u0430\u0440\u0435\u043d\u0434\u0430 \u0437\u0430\u043a\u043e\u043d\u0447\u0438\u0442\u0441\u044f 9 \u043c\u0430\u044f \u0432 20:30.]","tests","2026-09-23","passed","2026-09-23","TestFaq","test_faq","",""
"","2042","test_yandex_logo_redirects_to_dzen","tests","2026-09-23","passed","2026-09-23","TestOrder","test_order","",""
"","1718","test_scooter_logo_redirects_to_main_page","tests","2026-09-23","passed","2026-09-23","TestOrder","test_order","",""
